ticker_byma,nombre_empresa,puntaje_financiero,n_metricas,pe,ev_ebitda,roe,deuda_ebitda,crecimiento_ingresos
SMSN,Samsung Electronics Co. Ltd.,92.38,5,2.86,-0.67,0.31,0.1,1.3
HMY,Harmony Gold Mining Company Ltd.,91.98,5,6.21,0.26,0.48,0.21,0.49
GFI,Gold Fields Ltd.,86.49,5,7.25,9.0,0.59,0.37,0.79
KGC,Kinross Gold Corp,86.08,5,9.15,4.97,0.37,0.14,0.3
B,Barrick Gold Corp,83.21,5,10.4,5.77,0.27,0.36,0.44
MU,Micron Technology Inc,82.65,5,14.45,10.81,0.88,0.05,3.79
PBR,Petrobras (ADR),82.58,5,5.47,1.86,0.3,1.51,0.42
PETR3,Petrobras - Petróleo Brasileiro S.A.,81.73,5,5.53,4.29,0.3,1.51,0.42
VIST,Vista Energy S.A.B. de C.V.,80.65,5,8.5,4.89,0.3,1.75,1.02
PDD,PDD HOLDINGS INC,78.55,5,8.12,-3.49,0.23,0.05,0.08
EQNR,Equinor Asa,78.32,5,11.53,5.15,0.21,0.77,0.37
PAAS,Pan American Silver Corp.,75.94,5,13.46,8.53,0.22,0.4,0.38
UN,NU Holdings Ltd/Cayman Islands,75.83,3,18.4,,0.32,,0.52
AEM,Agnico Eagle Mines Limited,74.93,5,15.73,8.85,0.23,0.03,0.35
SHEL,Royal Dutch Shell Plc,74.56,5,10.57,5.39,0.14,1.27,0.45
NEM,Newmont Corporation,73.44,5,14.44,6.95,0.26,0.33,0.15
ADBE,Adobe Systems Incorporated,73.29,5,13.26,9.44,0.62,0.68,0.13
DECK,DECKERS OUTDOOR CORPORATION,73.08,5,11.25,7.28,0.43,0.36,0.06
GPRK,Geopark Ltd.,72.9,5,7.64,3.45,0.29,2.45,0.2
ITUB,Itaú Unibanco Holding S.A.,72.58,3,10.74,,0.21,,0.18
TSM,Taiwan Semiconductor Manufacturing,71.62,5,35.33,5.43,0.4,0.34,0.36
GS,"The Goldman Sachs Group, Inc",71.61,3,13.93,,0.17,,0.42
ITUB3,Banco Itaú Unibanco S.A,70.96,3,11.65,,0.21,,0.18
HL,Hecla Mining Co .,70.65,5,20.72,11.44,0.22,0.02,0.52
TTE,TotalEnergies SE,70.27,5,10.58,5.59,0.14,1.59,0.28
UGP,Ultrapar Participações S.A.,70.25,5,11.64,2.23,0.2,2.14,0.22
JPM,J.P. Morgan & Chase Co.,69.8,3,14.25,,0.18,,0.3
RIO,Rio Tinto Plc,69.26,5,12.75,7.54,0.19,1.0,0.16
PRIO3,Petro Rio S.A.,69.19,5,13.18,5.71,0.14,2.02,1.11
RKLB,Rocket Lab Corp,68.53,3,,-279.44,-0.08,,0.62
ARCO,Arcos Dorados Holdings Inc.,68.47,5,5.78,5.59,0.36,3.59,0.14
HHPD,Hon Hai Precision Industry Co. Ltd.,68.3,5,7.35,0.37,0.13,3.23,0.41
CDE,Coeur Mining Inc.,68.18,5,14.72,10.93,0.13,0.44,1.26
XP,XP Inc,68.01,3,10.97,,0.23,,0.11
NTES,"Netease, Inc",67.82,5,15.61,5.02,0.2,0.29,0.08
PAGS,Pagseguro Digital Ltd,67.69,5,6.22,0.31,0.15,0.19,-0.0
TEN,Tenaris,67.56,5,4.96,6.05,0.17,4.06,0.54
ASR,"Grupo Aeroportuario Del Sureste , S.A.B. de C.V.",67.25,5,12.8,1.87,0.23,1.75,0.1
OXY,Occidental Petroleum Corp.,67.14,5,17.13,5.65,0.11,1.07,0.53
ZM,Zoom Video Communications Inc.,66.99,5,8.62,14.93,0.32,0.05,0.05
ANF,Abercrombie & Fitch Co,66.97,5,11.74,7.02,0.41,1.4,0.05
RGTI,RIGETTI COMPUTING INC,66.96,3,,-53.93,-0.44,,1.85
ASTS,AST SpaceMobile Inc,66.82,3,,-46.1,-0.46,,26.27
NMR,"Nomura Holdings, Inc",66.61,3,11.45,,0.11,,0.31
YELP,Yelp Inc.,66.51,5,8.82,4.94,0.18,0.6,0.01
NVDA,Nvidia Corporation,66.0,5,29.58,27.9,1.17,0.19,1.06
GOOGL,Alphabet Inc.,65.98,5,17.24,23.66,0.49,0.7,0.24
BMNR,"Bitmine Inmersion Technologies, Inc.",65.82,3,,-52.74,-1.51,,21.68
STNE,StoneCo Ltd,65.52,5,3.63,1.61,0.34,2.49,0.02
TIMB,Tim Participações S.A.,65.43,5,10.25,1.8,0.17,1.45,0.06
ABEV,Ambev S.A.,65.02,5,14.95,1.17,0.18,0.11,0.0
PSX,Phillips 66,64.95,5,15.1,12.42,0.23,2.07,0.53
HUT,Hut 8 Mining Corp.,64.91,3,,-23.81,-0.43,,0.81
BHP,Bhp Group Ltd,64.83,5,21.96,7.82,0.24,0.95,0.18
AXP,American Express Co,64.67,3,18.38,,0.34,,0.13
CAAP,Corporación America Airports S.A.,64.48,5,13.81,5.68,0.17,1.45,0.12
BX,Blackstone Inc.,64.34,3,25.0,,0.31,,0.29
FSLR,First Solar Inc.,64.33,5,10.77,7.22,0.19,0.08,-0.04
CVX,Chevron Corp.,64.19,5,19.91,8.68,0.12,0.73,0.54
TIMS3,TIM S.A.,64.01,5,10.31,4.95,0.17,1.45,0.06
SCHW,Charles Schwab,63.91,3,17.61,,0.2,,0.21
HSBC,Hsbc Holdings Plc,63.48,3,13.73,,0.13,,0.25
KB,Kb Financial Group Inc.,62.99,3,9.96,,0.1,,0.18
SNOW,Snowflake Inc.,62.79,3,,-116.38,-0.48,,0.35
SCCO,Southern Copper Corp,62.46,5,29.83,17.66,0.5,0.87,0.41
HPQ,Hp Inc,62.36,4,12.26,7.58,,2.23,0.12
SBS,Companhia de Saneamento Basico do Estado de Sao Paulo-Sabesp,62.21,5,11.7,3.5,0.19,3.4,0.14
TCOM,TRIP.COM Group Ltd.,62.2,5,7.48,-2.35,0.16,2.36,0.06
MFG,Mizuho Financial Group,62.15,3,15.34,,0.12,,0.35
XOM,Exxon Mobil Corporation,62.02,5,21.11,10.49,0.13,0.62,0.44
URBN,Urban Outfitters INC.,61.78,5,12.64,9.56,0.21,1.56,0.1
AKO.B,Embotelladora Andina S.A.,61.49,3,15.93,,0.24,,0.11
ACN,Accenture,61.44,5,15.9,8.59,0.26,0.95,0.06
BCS,Barclays Bank Plc,61.02,3,9.26,,0.1,,0.16
BA,The Boeing Company,60.9,4,69.38,-62.78,1.74,,0.08
PYPL,"Paypal Holdings, Inc.",60.78,5,9.98,7.46,0.24,2.2,0.05
BMY,Bristol-Myers Squibb Company,60.69,5,13.47,8.39,0.47,2.38,0.06
ING,Ing Groep Nv,60.43,3,13.27,,0.17,,0.11
UAL,United Airlines Holdings Inc.,60.38,5,10.53,7.55,0.23,4.75,0.16
LREN3,Lojas Renner S.A.,60.38,5,7.84,5.45,0.14,1.41,0.01
RBLX,Roblox Corp.,60.24,3,,-35.94,-4.32,,0.36
VIV,Telefônica Brasil S.A.,60.24,5,14.61,1.48,0.1,0.99,0.08
SONY,Sony Group Corporation,60.14,5,20.19,0.12,0.13,0.9,0.08
CLS,CELESTICA INC,59.97,5,40.18,28.8,0.53,0.63,0.62
NUE,Nucor Corp,59.86,5,19.2,10.58,0.15,1.25,0.23
AMX,America Movil,59.79,5,12.98,2.35,0.22,2.18,0.03
INFY,Infosys Limited,59.45,5,13.63,19.47,0.32,0.21,0.03
NFLX,"Netflix, Inc.",59.28,5,21.09,19.47,0.5,1.13,0.13
BSBR,Banco Santander (Brasil) S.A.,59.19,3,15.88,,0.11,,0.29
SNAP,Snap Inc.,59.18,3,,-75.22,-0.16,,0.19
ABEV3,Ambev S.A.,59.07,5,15.38,8.59,0.18,0.11,0.0
AMZN,"Amazon.Com, Inc.",59.07,5,19.96,16.82,0.31,1.49,0.2
DAL,Delta Air Lines,59.0,5,13.95,9.51,0.2,2.81,0.19
MUFG,Mitsubishi Ufj Financial Group,58.59,3,15.21,,0.09,,0.29
VIVT3,Telefônica Brasil S.A.,58.57,5,14.42,5.35,0.1,0.99,0.08
BBDC3,Banco Bradesco S.A.,58.45,3,7.68,,0.14,,0.07
META,Meta Platforms Inc,58.41,5,27.32,17.12,0.3,1.02,0.28
LMT,Lockheed Martin Corporation,58.3,5,18.62,13.78,0.89,2.12,0.1
GSK,GSK Plc.,58.21,5,15.07,10.07,0.33,1.69,0.05
LLY,Eli Lilly and Company,58.0,5,38.31,25.53,1.02,1.32,0.48
HDB,Hdfc Bank Limited.,58.0,3,15.62,,0.14,,0.17
TEM,TEMPUS AI INC,57.68,3,,-74.76,-0.67,,0.22
BBD,Banco Bradesco S.A.,57.58,3,8.69,,0.14,,0.07
UBER,Uber Technologies Inc.,57.37,5,14.87,20.01,0.37,1.97,0.12
SBSP3,Cia Saneamento Básico de SP,57.37,5,11.86,8.8,0.19,3.4,0.14
MSFT,Microsoft Corp.,57.21,5,28.58,20.05,0.34,0.66,0.18
ADP,Automatic Data Processing Inc.,57.05,5,23.53,16.17,0.72,0.86,0.07
V,Visa Inc,56.78,5,30.64,21.66,0.61,0.77,0.14
SPOT,Spotify Technology S.A.,56.75,5,26.24,33.8,0.44,0.17,0.14
PLTR,Palantir Technologies Inc,56.6,5,161.32,166.94,0.38,0.08,0.93
USB,U.S. Bancorp,56.34,3,11.48,,0.13,,0.1
MA,Mastercard Inc.,56.28,5,30.21,22.38,2.41,1.11,0.14
E,Eni Spa,56.17,5,12.58,8.05,0.11,2.79,0.18
AVGO,Broadcom Inc.,55.71,5,45.24,33.12,0.44,1.14,0.86
LVS,Las Vegas Sands Corp,55.6,5,14.04,7.69,1.23,3.29,-0.01
AAPL,Apple Inc.,55.59,5,38.31,29.12,1.49,0.5,0.16
ADS,Adidas AG,55.47,5,18.47,11.27,0.24,2.24,0.13
LYG,Lloyds Banking Group Plc,55.44,3,13.1,,0.11,,0.12
LRCX,Lam Research Corp,55.24,5,60.43,50.15,0.65,0.48,0.3
KMB,Kimberly-Clark Corp.,55.12,5,18.65,10.66,1.05,1.88,0.01
AVY,Avery Dennison Corp.,54.98,5,18.59,10.88,0.31,2.46,0.11
WFC,Wells Fargo & Co.,54.76,3,11.69,,0.13,,0.1
HON,Honeywell International Inc.,54.75,5,8.23,11.03,0.47,4.11,0.04
IBN,Icici Bank Ltd.,54.72,3,16.94,,0.16,,0.11
C,Citigroup Inc,54.45,3,13.85,,0.09,,0.16
SAN,Banco Santander S.A,54.41,3,13.23,,0.13,,0.1
PATH,UIPATH INC,54.33,5,19.58,30.51,0.2,0.43,0.13
PEP,Pepsico Inc,54.28,5,16.5,11.36,0.52,2.82,0.06
EBAY,Ebay Inc.,54.23,5,22.35,16.53,0.47,2.31,0.15
AIG,American International Group (AIG),54.14,5,13.67,4.64,0.07,1.12,0.0
STLA,Stellantis,54.01,3,,-106.61,-0.29,,0.13
CCL,Carnival,53.86,5,11.35,8.04,0.24,3.45,0.04
ROST,"Ross Stores, Inc.",53.79,5,27.63,20.09,0.43,1.3,0.13
HOOD,Robinhood Markets Inc,53.62,3,50.11,,0.24,,0.32
MO,Altria Group Inc.,53.45,4,14.18,8.54,,1.56,0.01
ALAB,Astera Labs Inc,53.34,5,172.58,208.72,0.26,0.16,1.04
TGT,Target Corporation,53.24,5,16.18,9.85,0.26,2.23,0.05
ASML,ASML HOLDING NV,53.13,5,64.93,2953.7,0.54,0.15,0.21
T,At &T Inc.,53.0,5,8.02,7.4,0.18,3.69,0.02
AMAT,Applied Materials Inc.,52.65,5,46.52,42.02,0.41,0.72,0.25
BP,BP PCL,52.61,5,21.43,13.19,0.09,1.85,0.48
ERIC,Lm Ericsson Telephone Co.,52.6,3,12.55,,0.26,,-0.06
GRMN,Garmin Ltd.,52.57,5,28.99,22.4,0.22,0.1,0.11
RENT3,Localiza Rent A Car S.A.,52.51,5,13.17,9.28,0.13,5.25,0.24
GLOB,Globant S.A.,52.04,5,13.71,4.89,0.05,1.32,0.0
RIOT,Riot Platforms,51.94,3,,-8.69,-0.48,,0.14
HD,The Home Depot Inc.,51.86,5,19.92,13.93,1.04,2.56,0.06
VRTX,VERTEX PHARMACEUTICALS INC,51.81,5,29.43,23.93,0.24,0.39,0.12
UNP,Union Pacific Corp.,51.66,5,22.51,15.09,0.4,2.42,0.12
SNA,Snap-On Inc,51.46,5,18.76,13.26,0.18,0.93,0.04
ORCL,Oracle Corporation,51.36,5,22.3,16.49,0.41,4.91,0.3
TM,Toyota Motor Corporation,51.34,5,8.13,6.24,0.12,7.85,0.1
JMIA,Adr Jumia Technologies Ag,51.05,3,,-15.38,-2.16,,0.14
ABNB,Airbnb Inc,50.99,5,37.0,31.22,0.35,0.9,0.16
FMX,Fomento Economico Mexicano - Femsa,50.99,5,23.9,2.5,0.15,2.45,0.09
KEP,Korea Electric Power Corp.,50.92,5,2.47,5.17,0.17,5.36,-0.0
FDX,Fedex Corp,50.87,5,15.65,8.28,0.15,3.63,0.12
HAL,Halliburton Co.,50.54,5,16.68,7.91,0.15,1.98,0.04
TJX,TJX Companies Inc/The,50.39,5,24.57,17.33,0.62,1.61,0.05
GE,General Electric Co.,50.35,5,36.5,28.89,0.48,1.76,0.21
HSY,The Hershey Company,50.22,5,21.88,13.71,0.33,2.18,0.07
SUZ,Suzano Papel E Celulose S.A.,49.91,5,6.69,4.22,0.18,5.01,-0.13
TXN,Texas Instruments Inc,49.74,5,44.65,28.92,0.35,1.48,0.23
CL,Colgate Palmolive Co,49.59,5,33.17,14.83,2.67,1.58,0.05
JOYY,JOYY Inc.,49.49,5,18.77,16.07,-0.25,0.43,0.16
BKNG,Booking,49.44,4,17.67,11.83,,2.01,0.08
TMUS,T-mobile,48.91,5,17.12,8.53,0.18,3.5,0.08
SYY,Sysco Corp.,48.89,5,21.17,11.22,0.78,3.35,0.05
BAK,Braskem SA,48.89,3,,7.49,,8.18,0.22
PG,Procter & Gamble,48.86,5,21.89,14.66,0.3,1.42,0.02
AZN,Astrazeneca Plc,48.69,5,23.31,13.61,0.22,1.63,0.06
HAPV3,Hapvida Participacoes E Investimentos S.A.,48.68,4,,4.51,-0.0,6.12,0.41
SE,Sea Ltd.,48.56,5,36.75,20.77,0.15,1.54,0.48
CAT,Caterpillar Inc,48.07,5,36.36,26.33,0.57,2.78,0.24
CSCO,Cisco Systems Inc,48.05,5,33.69,24.55,0.27,1.67,0.18
AMGN,Amgen Inc.,47.95,5,25.06,15.13,0.91,3.32,0.1
COST,Costco Wholesale Corp,47.95,5,44.05,27.53,0.28,0.6,0.11
NIO,NIO Inc.,47.95,4,,1.33,-0.45,8.5,0.69
SUZB3,Suzano S.A.,47.91,5,6.75,6.45,0.18,5.01,-0.13
SHOP,Shopify Inc.,47.83,5,102.29,79.34,0.16,0.07,0.34
XPEV,XPENG INC,47.82,3,,-5.77,-0.11,,0.08
QCOM,Qualcomm Inc.,47.76,5,21.15,16.76,0.34,1.27,-0.04
HWM,Howmet Aerospace Inc.,47.71,5,49.42,34.48,0.35,1.67,0.24
VALE,Vale S.A.,47.58,5,27.52,1.86,0.04,1.42,0.06
MSI,"Motorola Solutions, Inc.",47.23,5,35.2,22.08,0.92,2.56,0.13
RACE,Ferrari,47.12,5,36.74,28.36,0.45,1.28,0.08
MMM,3M Company,47.09,5,28.75,14.09,0.82,2.03,0.02
FMCC,Freddie Mac (Federal Home Loan),46.98,3,inf,,0.18,,0.34
SDA,SunCar Technology Group Inc,46.67,5,14.3,9.99,0.07,5.49,0.21
NVS,Novartis Ag,46.54,5,21.27,13.41,0.3,2.12,0.01
VZ,Verizon Communications Inc.,46.42,5,11.96,7.52,0.16,3.79,-0.01
GGB,Gerdau S.A.,46.15,5,22.77,1.98,0.04,1.52,0.02
JNJ,Johnson & Johnson,46.15,5,29.67,18.5,0.26,1.41,0.07
VALE3,Vale S.A.,45.89,5,27.62,5.07,0.04,1.42,0.06
NKE,Nike Inc.,45.8,5,16.13,10.84,0.22,2.27,-0.04
BABA,Alibaba Group Holding Limited,45.38,5,24.28,1.94,0.06,2.68,0.09
CX,Cemex S.A.B. de CV,45.37,5,27.23,6.29,0.04,2.12,0.12
CEG,CONSTELLATION ENERGY CORPORATION,45.14,5,25.32,14.54,0.15,3.11,0.23
MELI,Mercadolibre Inc.,44.45,5,45.87,24.02,0.28,3.39,0.5
SPGI,S&P Global Inc,44.25,5,23.64,16.04,0.14,1.93,0.1
DOCU,DocuSign Inc.,43.8,5,42.6,27.86,0.18,0.41,0.09
BBAS3,Banco do Brasil S.A.,43.78,3,11.03,,0.11,,0.0
MSTR,Microstrategy Inc Cl A New,43.73,3,,-2.21,-0.64,,0.07
MDT,Medtronic Public Limited Company,43.52,5,21.28,12.53,0.11,2.7,0.14
VST,VISTRA CORPORATION,43.37,5,23.57,10.47,0.43,3.09,-0.06
MUX,McEwen Mining Inc,43.34,5,14.08,39.37,0.14,4.49,0.27
CRM,Salesforce Inc.,43.2,5,21.47,17.38,0.19,3.29,0.11
AMD,"Advanced Micro Devices, Inc.",43.08,5,156.14,107.3,0.1,0.45,0.5
EA,Electronic Arts Inc,43.02,5,59.74,30.36,0.16,1.08,0.19
UL,Unilever PLC - Sponsored,42.98,5,20.66,14.42,0.32,2.95,0.0
KO,The Coca Cola Company,42.92,5,25.88,23.45,0.42,2.6,0.07
EOAN,E.On Se,42.81,5,13.19,9.01,0.16,4.3,-0.0
SAP,Sap Se,42.78,5,27.55,288.21,0.18,0.85,0.09
ADI,Analog Devices,42.59,5,49.48,30.19,0.12,1.32,0.4
SLB,Schlumberger Ltd,42.35,5,23.78,11.13,0.13,1.74,0.05
WEGE3,Weg S.A.,42.3,5,34.53,25.23,0.31,0.69,-0.01
EFX,Equifax Inc.,42.19,5,24.65,11.37,0.14,2.84,0.11
DISN,The Walt Disney Co.,41.97,5,21.07,10.69,0.08,2.2,0.07
BAS,Basf SE,41.74,5,20.98,9.62,0.06,4.06,0.16
ROKU,Roku,41.72,5,64.57,35.47,0.13,0.82,0.22
PBI,Pitney Bowes Inc,41.68,4,13.63,7.96,,4.11,-0.02
IBM,International Business Machines,40.94,5,19.76,16.21,0.34,3.96,0.01
ARM,ARM Holdings Plc,40.87,5,317.0,305.53,0.13,0.46,0.22
MRNA,Moderna Inc,40.74,3,,-32.8,-0.39,,0.02
MRVL,Marvell Technology Inc,40.52,5,88.41,84.24,0.17,1.85,0.36
AEG,Aegon N.V.,40.11,3,11.42,,0.11,,-0.08
WMT,Walmart Inc.,39.88,5,37.64,20.36,0.22,1.7,0.06
AAL,American Airlines Group Inc,39.18,3,,10.66,,10.6,0.16
BKR,Baker Hughes Co,38.66,5,18.01,11.36,0.16,3.36,-0.02
DOW,DOW Inc,38.6,4,,9.31,-0.06,4.9,0.2
GILD,"Gilead Sciences, Inc.",38.25,4,,13.75,-0.21,1.8,0.1
PAC,"Grupo Aeroportuario del Pacifico, S.A.B. de C.V.",38.22,5,19.34,79.15,0.28,2.89,0.04
RTX,Raytheon Technologies Corp,38.12,5,32.46,17.69,0.12,2.44,0.14
FCX,Freeport Mcmoran Copper & Gold Inc.,37.89,5,35.31,12.75,0.15,1.08,-0.07
JD,"Jd.Com, Inc.",37.49,5,17.19,-1.56,0.07,8.93,-0.03
LND,Brasilagro - Co Brasileira de Propriedades Agrícolas,37.13,3,,-31.22,-0.04,,-0.15
HMC,Honda Motor Co. Ltd,36.81,4,,7.16,-0.01,11.21,0.14
MBG,Mercedes-Benz Group AG,36.69,5,7.52,10.28,0.06,8.52,-0.03
TWLO,Twilio Inc,36.66,5,41.67,87.33,0.13,2.13,0.22
ORLY,O'reilly Automotive Inc,36.54,4,26.95,18.71,,2.3,0.08
PM,Philip Morris International,36.35,4,25.71,18.72,,2.73,0.1
ECL,Ecolab Inc,36.16,5,36.79,20.68,0.22,3.37,0.1
ISRG,Intuitive Surgical inc,36.11,4,46.06,31.9,0.17,,0.18
XROX,Xerox Holding Corporation,35.71,4,,8.52,-0.97,8.26,0.22
BSN,Danone,35.68,5,19.56,10.46,0.12,3.86,0.01
ABT,Abbott Labs,35.5,5,31.55,16.82,0.11,2.8,0.13
GLW,Corning Inc.,35.49,5,73.96,36.44,0.17,2.3,0.17
PHG,Koninklijke Philips N.V.,35.44,5,18.54,12.04,0.1,3.09,0.0
BB,Blackberry Limited,35.42,5,71.54,46.48,0.11,1.94,0.26
HOG,Harley-Davidson Inc.,35.34,5,13.64,8.41,0.06,5.4,-0.06
CAH,Cardinal Health Inc,35.23,4,31.53,13.76,,2.36,0.06
MCD,Mcdonald'S Corp.,34.33,4,18.84,14.59,,3.66,0.04
UNH,UnitedHealth Group Inc.,34.29,5,23.92,14.36,0.14,2.75,0.0
CVS,CVS Health,34.17,5,22.81,10.38,0.06,4.57,0.07
JCI,Johnson Controls International,33.73,5,44.01,23.93,0.14,2.19,0.09
MDLZ,Mondelez,33.7,5,21.32,15.57,0.13,3.63,0.04
TSLA,"Tesla, Inc.",33.69,5,346.35,133.6,0.05,1.5,0.26
VRSN,"Verisign, Inc.",33.03,4,31.31,23.05,,1.97,0.06
PANW,Palo Alto Networks Inc,32.97,5,1008.1,211.12,0.02,1.65,0.34
TEAM,ATLASSIAN CORPORATION,32.91,4,,108.97,-0.04,2.83,0.28
NOW,SERVICENOW INC,32.81,5,83.99,49.26,0.14,2.92,0.24
IP,International Paper Co.,32.72,4,,6.64,-0.16,2.52,-0.02
KEEL,Bitfarms Ltd.,32.68,3,,-44.62,-0.76,,-0.5
PFE,Pfizer Inc.,32.62,5,37.07,8.29,0.05,2.5,0.03
SWKS,Skyworks Solutions,32.39,5,43.16,14.4,0.05,0.77,-0.03
INTC,Intel Corporation,32.27,4,,37.9,-0.11,3.0,0.25
TIIAY,Telecom Italia S.P.A. Ordinary Shares,32.07,5,42.35,7.44,0.04,3.61,0.06
AI,C3.AI INC,32.03,3,,-2.64,-0.6,,-0.26
ABBV,AbbVie Inc.,31.72,4,74.24,17.19,,2.3,0.1
BIDU,"Baidu, Inc.",31.38,4,,-0.05,-0.01,4.83,-0.04
SPCE,Virgin Galactic,30.9,3,,-1.92,-0.75,,-0.67
SID,Companhia Siderúrgica Nacional,30.89,4,,6.08,-0.12,7.37,0.06
CRWV,CoreWeave Inc,30.74,4,,25.2,-0.44,13.62,1.12
TMO,Thermo Fisher Scientific Inc.,30.59,5,35.53,23.91,0.14,3.62,0.1
MRK,Merck & Co. Inc.,30.38,5,116.37,13.95,0.07,1.87,0.05
CSNA3,Companhia Siderúrgica Nacional S.A.,30.36,4,,6.98,-0.12,7.37,0.06
TV,Grupo Televisa S.A.,30.25,4,,2.59,-0.08,3.99,-0.03
DD,Dupont de Nemours Inc.,29.81,5,55.79,12.07,0.02,2.01,0.04
FNMA,"Fed. Natl, Mortgage - Fannie Mae",29.78,3,109.25,,0.14,,0.09
PSO,Pearson Plc,29.7,5,24.42,18.83,0.09,2.92,0.03
BAYN,Bayer AG,29.47,4,,7.66,-0.06,3.79,0.01
AAP,Advanced Auto Parts Inc,29.44,5,21.61,7.7,0.05,8.95,-0.0
SIEGY,Siemens Ag Adr,29.13,5,27.05,22.87,0.12,3.99,0.07
BIIB,Biogen Inc.,28.93,5,39.12,11.78,0.05,2.49,0.03
MOS,The Mosaic Co,28.22,4,,7.36,-0.05,3.54,-0.06
ETSY,Etsy Inc.,28.17,4,23.03,18.34,,6.53,0.06
UPST,Upstart Hldgs Inc,27.76,5,43.87,33.2,0.08,17.88,0.42
PCAR,Paccar Inc.,27.06,5,23.09,19.53,0.13,4.53,0.0
PINS,Pinterest,26.17,5,56.65,34.21,0.06,3.78,0.18
IFF,International Flavors & Fragrances Inc.,25.49,4,,14.01,-0.06,3.29,0.02
DE,Deere & Co.,25.01,5,37.04,28.25,0.18,7.51,0.05
NATU3,NATURA COSMETICOS SA,24.81,4,,8.57,-0.02,3.96,-0.08
NGG,National Grid Plc,24.24,5,17.5,71.1,0.08,6.79,0.02
DHR,Danaher Corp,24.1,5,38.16,21.67,0.08,3.47,0.06
DEO,Diageo PLC,23.74,5,27.16,135.58,0.15,3.45,-0.02
GM,General Motors Co,23.55,5,34.94,10.59,0.03,7.82,0.02
VOD,Vodafone Group Plc,22.97,3,,13.55,0.0,6.08,
TRIP,"Tripadvisor, Inc.",20.7,4,,9.54,-0.0,8.13,-0.07
MGLU3,Magazine Luiza S.A.,20.35,5,69.18,8.75,0.01,5.88,-0.03
XYZ,Square Inc.,18.46,5,132.73,29.11,0.02,4.63,0.09
GT,Goodyear Tire & Rubber co./the,17.89,4,,9.07,-0.62,8.36,-0.05
SBUX,Starbucks Corporation,15.0,4,54.75,22.48,,3.98,-0.01
CAR,Avis Budget Group Inc.,11.94,3,,21.22,,18.92,-0.01
BIOX,Bioceres Crop Solutions Corp.,10.35,4,,16.99,-0.28,14.83,-0.23
F,Ford Motor Company,8.56,4,,24.79,-0.18,21.37,-0.04
COIN,Coinbase Global Inc,5.84,4,,65.99,-0.08,9.53,-0.17
IREN,Iren Ltd,2.46,4,,479.82,-0.23,204.44,-0.27
