ticker_byma,nombre_empresa,puntaje_tecnico,tendencia,cruce_reciente,tipo_cruce,divergencia_rsi,divergencia_macd,distancia_media_pct,roc_20d_pct,macd_hist_pct,volumen_relativo,ad_normalizado,rsi_actual,patron_piso
DISN,The Walt Disney Co.,85.04,1,False,ninguno,ninguna,ninguna,32.65,32.87,1.58,20.0,0.62,100.0,False
GGB,Gerdau S.A.,82.26,1,False,ninguno,bajista,bajista,24.04,8.72,0.11,6.79,-0.16,55.58,False
ITUB,Itaú Unibanco Holding S.A.,80.9,1,False,ninguno,ninguna,ninguna,27.77,21.87,1.17,5.48,0.05,78.31,False
TSM,Taiwan Semiconductor Manufacturing,80.45,1,False,ninguno,ninguna,ninguna,30.73,13.13,0.83,1.99,0.26,94.94,False
ABEV,Ambev S.A.,80.3,1,False,ninguno,bajista,ninguna,15.27,10.38,0.56,3.99,0.06,68.61,False
TMO,Thermo Fisher Scientific Inc.,79.4,1,False,ninguno,ninguna,bajista,30.18,12.99,-0.12,1.03,0.38,68.01,False
ARCO,Arcos Dorados Holdings Inc.,79.1,1,False,ninguno,ninguna,ninguna,3.68,1.41,0.29,6.18,0.1,57.2,False
MSFT,Microsoft Corp.,78.2,1,False,ninguno,ninguna,ninguna,27.15,7.25,0.25,1.01,0.21,74.16,False
INTC,Intel Corporation,78.05,1,False,ninguno,alcista,ninguna,46.41,22.99,-0.01,0.83,0.12,67.79,False
CAT,Caterpillar Inc,76.24,1,False,ninguno,ninguna,ninguna,11.48,4.2,0.76,1.2,0.19,75.88,False
AMZN,"Amazon.Com, Inc.",75.94,1,False,ninguno,ninguna,ninguna,9.56,-2.17,0.1,1.5,0.11,56.65,False
ADI,Analog Devices,75.64,1,False,ninguno,ninguna,ninguna,21.24,14.62,1.12,0.76,0.36,85.26,False
FCX,Freeport Mcmoran Copper & Gold Inc.,74.89,1,False,ninguno,ninguna,ninguna,19.68,1.94,-0.14,1.28,0.11,64.92,False
GRMN,Garmin Ltd.,74.74,1,False,ninguno,ninguna,ninguna,21.32,2.05,0.05,0.05,0.7,59.38,False
UGP,Ultrapar Participações S.A.,73.98,1,False,ninguno,bajista,bajista,45.64,12.04,-0.36,1.72,-0.08,62.45,False
GOOGL,Alphabet Inc.,73.38,1,False,ninguno,ninguna,ninguna,7.08,1.85,0.06,0.63,0.18,53.46,False
AMD,"Advanced Micro Devices, Inc.",72.33,1,False,ninguno,ninguna,ninguna,72.28,33.14,0.6,0.26,0.21,80.1,False
SCCO,Southern Copper Corp,71.28,1,False,ninguno,ninguna,ninguna,18.46,5.25,0.24,0.54,0.19,73.74,False
COST,Costco Wholesale Corp,71.13,1,False,ninguno,ninguna,ninguna,0.81,0.78,0.4,0.69,0.23,63.69,False
MMM,3M Company,70.53,1,False,ninguno,ninguna,ninguna,6.54,-2.82,-0.08,1.14,0.17,47.89,False
PG,Procter & Gamble,70.08,1,False,ninguno,ninguna,ninguna,3.96,0.06,-0.09,0.88,0.15,52.29,False
BRKB,Berkshire Hathaway Inc.,69.77,1,False,ninguno,ninguna,ninguna,7.73,0.16,-0.09,1.35,0.11,43.22,False
GLW,Corning Inc.,69.62,1,False,ninguno,ninguna,ninguna,9.91,0.75,0.66,0.91,-0.11,63.57,False
LLY,Eli Lilly and Company,69.62,1,False,ninguno,ninguna,ninguna,11.66,-0.6,0.01,0.55,0.09,55.91,False
BSBR,Banco Santander (Brasil) S.A.,69.32,1,True,dorado,ninguna,ninguna,4.08,-2.05,-0.58,2.57,0.22,48.47,False
ROST,"Ross Stores, Inc.",68.27,1,False,ninguno,ninguna,ninguna,8.76,-1.28,0.0,1.45,-0.18,52.72,False
HON,Honeywell International Inc.,67.82,1,False,ninguno,ninguna,ninguna,0.68,1.71,0.7,0.62,0.21,69.55,False
NUE,Nucor Corp,67.37,1,False,ninguno,ninguna,bajista,21.81,-2.32,-0.17,0.95,-0.03,46.73,False
AIG,American International Group (AIG),66.32,1,False,ninguno,alcista,ninguna,2.71,0.46,0.17,0.29,0.12,50.75,False
V,Visa Inc,66.02,1,False,ninguno,bajista,bajista,14.53,0.06,-0.11,0.64,0.09,45.45,False
SIEGY,Siemens Ag Adr,65.71,1,False,ninguno,ninguna,bajista,335.74,-6.67,-2.9,0.6,0.4,55.56,False
XOM,Exxon Mobil Corporation,64.96,1,False,ninguno,ninguna,ninguna,15.32,4.12,0.04,0.41,-0.06,42.86,False
SNAP,Snap Inc.,63.46,1,True,dorado,ninguna,ninguna,5.7,4.14,-0.03,0.71,-0.12,44.62,False
BIIB,Biogen Inc.,63.01,1,False,ninguno,ninguna,bajista,19.81,3.84,-0.13,0.36,-0.08,66.12,False
BHP,Bhp Group Ltd,63.01,1,False,ninguno,ninguna,ninguna,14.38,-5.48,0.17,0.26,0.02,62.03,False
MO,Altria Group Inc.,61.35,1,False,ninguno,ninguna,ninguna,5.59,-0.66,-0.28,1.04,0.06,40.36,False
ABT,Abbott Labs,61.2,1,False,ninguno,ninguna,ninguna,1.84,-5.93,-0.27,2.51,-0.01,45.58,False
HWM,Howmet Aerospace Inc.,60.6,1,False,ninguno,ninguna,ninguna,-3.01,-9.88,0.84,5.32,-0.42,56.71,False
HOG,Harley-Davidson Inc.,60.6,1,False,ninguno,ninguna,ninguna,17.77,-5.63,-0.24,2.54,-0.25,41.69,False
SBS,Companhia de Saneamento Basico do Estado de Sao Paulo-Sabesp,60.45,0,False,ninguno,ninguna,ninguna,17.87,23.84,1.08,8.83,-0.09,82.32,False
KO,The Coca Cola Company,60.45,1,False,ninguno,ninguna,ninguna,12.95,-1.49,-0.3,1.09,-0.04,39.06,False
MRK,Merck & Co. Inc.,60.15,1,False,ninguno,alcista,ninguna,18.86,-8.71,-0.8,1.04,0.12,44.33,False
GE,General Electric Co.,60.0,1,False,ninguno,ninguna,ninguna,-1.04,-8.32,0.03,0.79,0.06,50.69,False
CAH,Cardinal Health Inc,59.7,1,False,ninguno,ninguna,ninguna,11.91,-3.75,0.34,0.51,-0.43,52.14,False
ANF,Abercrombie & Fitch Co,59.1,1,False,ninguno,alcista,bajista,44.03,-10.25,-0.72,1.2,-0.13,59.63,False
SONY,Sony Group Corporation,58.5,1,False,ninguno,ninguna,ninguna,10.63,-6.68,-0.05,0.96,-0.23,45.75,False
GILD,"Gilead Sciences, Inc.",58.2,1,False,ninguno,ninguna,bajista,11.17,-3.73,-0.65,0.88,-0.04,47.95,False
MSI,"Motorola Solutions, Inc.",58.05,1,False,ninguno,ninguna,ninguna,11.12,1.05,-0.23,0.16,0.08,41.48,False
CVX,Chevron Corp.,58.05,1,False,ninguno,ninguna,ninguna,15.95,-0.1,-0.28,0.65,0.02,36.23,False
DEO,Diageo PLC,56.39,1,False,ninguno,alcista,alcista,3.36,-4.86,-0.16,0.77,-0.01,41.59,False
URBN,Urban Outfitters INC.,55.79,1,False,ninguno,ninguna,bajista,18.36,2.03,0.77,0.09,-0.42,77.54,False
DD,Dupont de Nemours Inc.,55.04,1,False,ninguno,ninguna,ninguna,-0.14,2.64,0.39,0.08,-0.27,64.52,False
SBUX,Starbucks Corporation,53.83,1,False,ninguno,bajista,bajista,0.25,-8.35,0.18,0.42,-0.01,44.85,False
SID,Companhia Siderúrgica Nacional,53.68,0,False,ninguno,ninguna,bajista,-0.78,1.08,-0.34,6.59,-0.01,54.62,False
SI,Silvergate Bancorp,53.68,0,False,ninguno,ninguna,bajista,-0.78,1.08,-0.34,6.59,-0.01,54.62,False
TRVV,The Travelers Cos. Inc.,53.38,1,False,ninguno,ninguna,ninguna,22.83,-1.98,-0.31,0.67,0.0,6.43,False
IBN,Icici Bank Ltd.,53.23,1,False,ninguno,ninguna,bajista,1.77,-7.28,-0.04,1.71,-0.4,40.72,False
SAN,Banco Santander S.A,53.08,1,False,ninguno,ninguna,ninguna,13.12,-9.72,-0.8,0.31,0.6,41.17,False
TIMB,Tim Participações S.A.,52.18,0,False,ninguno,bajista,alcista,-8.22,2.65,0.03,2.19,-0.26,54.86,False
BP,BP PCL,51.88,1,False,ninguno,ninguna,ninguna,12.75,3.62,-0.1,0.17,-0.57,39.53,False
AXP,American Express Co,51.88,1,False,ninguno,ninguna,ninguna,-3.66,-5.62,0.01,0.87,0.01,31.17,False
CRM,Salesforce Inc.,49.77,1,False,ninguno,ninguna,ninguna,20.5,-8.08,-1.15,1.38,-0.18,31.52,False
C,Citigroup Inc,49.62,1,False,ninguno,ninguna,ninguna,6.69,-4.58,-0.47,0.18,0.14,35.67,False
MDT,Medtronic Public Limited Company,48.72,1,False,ninguno,ninguna,ninguna,4.41,-7.16,-0.63,0.67,0.25,22.53,False
JPM,J.P. Morgan & Chase Co.,48.57,1,False,ninguno,ninguna,ninguna,8.26,-7.62,-0.38,1.04,-0.11,31.39,False
GSK,GSK Plc.,47.22,1,False,ninguno,alcista,ninguna,-6.34,-6.08,-0.64,1.28,0.01,32.52,False
KMB,Kimberly-Clark Corp.,46.77,1,False,ninguno,alcista,alcista,-2.34,-10.32,-0.01,0.83,-0.15,36.88,False
LMT,Lockheed Martin Corporation,46.02,1,False,ninguno,alcista,ninguna,-4.77,-3.22,-0.17,0.67,-0.01,25.27,False
JNJ,Johnson & Johnson,43.61,1,False,ninguno,ninguna,ninguna,9.52,-8.2,-0.77,0.94,-0.22,31.61,False
ADBE,Adobe Systems Incorporated,41.8,1,True,dorado,ninguna,ninguna,-2.85,-9.18,-0.2,0.41,0.05,30.7,False
T,At &T Inc.,41.65,1,False,ninguno,bajista,bajista,1.58,-3.58,-0.81,1.08,-0.26,17.96,False
WBO,Weibo Corporation,41.43,0,True,de la muerte,ninguna,ninguna,-4.99,-5.02,-0.34,20.0,0.5,0.0,False
PCAR,Paccar Inc.,41.05,1,False,ninguno,ninguna,ninguna,-4.55,-11.1,-0.2,1.67,-0.19,14.21,False
GS,"The Goldman Sachs Group, Inc",40.9,1,False,ninguno,ninguna,ninguna,-2.33,-12.5,-0.41,0.83,0.01,27.78,False
BA,The Boeing Company,39.4,1,False,ninguno,alcista,ninguna,-8.31,-9.94,-0.03,0.42,-0.2,36.44,False
HMY,Harmony Gold Mining Company Ltd.,38.95,1,False,ninguno,ninguna,bajista,-0.29,-13.9,-1.46,0.92,-0.09,34.04,False
AEM,Agnico Eagle Mines Limited,37.74,1,True,dorado,alcista,ninguna,2.59,-8.07,-1.24,0.57,-0.27,38.66,False
HL,Hecla Mining Co .,36.99,1,True,dorado,bajista,bajista,-5.68,-15.06,-1.25,0.69,-0.11,39.13,False
ORCL,Oracle Corporation,36.09,0,False,ninguno,ninguna,ninguna,-7.38,-8.75,-0.28,0.94,-0.25,54.81,False
AAP,Advanced Auto Parts Inc,34.59,0,True,de la muerte,ninguna,alcista,-19.04,-7.49,0.17,0.35,0.15,34.58,False
INFY,Infosys Limited,34.59,0,False,ninguno,ninguna,ninguna,-15.23,-6.03,0.42,0.29,-0.03,40.1,False
BMY,Bristol-Myers Squibb Company,34.29,1,False,ninguno,alcista,ninguna,3.71,-10.28,-0.51,0.45,-0.35,31.25,False
LYG,Lloyds Banking Group Plc,33.53,1,False,ninguno,ninguna,ninguna,2.87,-11.16,-0.5,0.16,-0.42,38.84,False
PHG,Koninklijke Philips N.V.,31.43,0,True,de la muerte,alcista,alcista,-8.25,-6.47,-0.14,0.03,0.14,38.46,False
CAR,Avis Budget Group Inc.,29.62,0,False,ninguno,ninguna,ninguna,-26.79,-23.53,0.62,0.69,-0.18,38.95,False
ERIC,Lm Ericsson Telephone Co.,28.12,0,False,ninguno,ninguna,ninguna,-10.58,-3.2,-0.66,0.12,0.47,28.77,False
NFLX,"Netflix, Inc.",26.32,0,False,ninguno,ninguna,ninguna,-14.94,-13.66,-0.95,2.0,0.1,19.93,False
CDE,Coeur Mining Inc.,26.02,1,True,dorado,alcista,ninguna,-5.69,-16.23,-1.84,0.25,-0.26,32.55,False
FDX,Fedex Corp,26.02,0,False,ninguno,ninguna,ninguna,-9.33,-8.76,-0.04,0.48,-0.21,36.48,False
TM,Toyota Motor Corporation,22.41,0,False,ninguno,ninguna,ninguna,-3.23,-3.8,-0.61,0.49,-0.29,31.63,False
IBM,International Business Machines,19.55,0,False,ninguno,ninguna,ninguna,-8.92,-4.33,-0.51,0.44,-0.22,23.17,False
MCD,Mcdonald'S Corp.,19.4,0,False,ninguno,ninguna,ninguna,-14.87,-8.87,-0.27,0.72,-0.26,23.5,False
HD,The Home Depot Inc.,18.8,0,True,de la muerte,ninguna,ninguna,-12.47,-11.75,-0.26,0.91,-0.54,25.35,False
NG,Novagold Resources INC.,13.08,0,False,ninguno,alcista,ninguna,-18.38,-18.03,-1.28,0.02,-0.16,39.65,False
KGC,Kinross Gold Corp,7.37,0,False,ninguno,alcista,ninguna,-15.32,-21.98,-1.79,0.27,-0.3,29.74,False
